Assets,Geometric Mean,Arithmetic Mean,Volatility,U.S. Inflation,U.S. Cash,U.S. Intermediate Treasuries,U.S. Long Treasuries,TIPS,U.S. Aggregate Bonds,U.S. Securitized,U.S. Short Duration Government/Credit,U.S. Long Duration Government/Credit,U.S. Inv Grade Corporate Bonds,U.S. Long Corporate Bonds,U.S. High Yield Bonds,U.S. Leveraged Loans,World Government Bonds hedged,World Government Bonds,World ex-U.S. Government Bonds hedged,World ex-U.S. Government Bonds,Emerging Markets Sovereign Debt,Emerging Markets Local Currency Debt,Emerging Markets Corporate Bonds,U.S. Muni 1-15 Yr Blend,U.S. Muni High Yield,U.S. Large Cap,U.S. Mid Cap,U.S. Small Cap,Euro Area Large Cap,Japanese Equity,Hong Kong Equity,UK Large Cap,EAFE Equity,Chinese Domestic Equity,Emerging Markets Equity,AC Asia ex-Japan Equity,AC World Equity,U.S. Equity Value Factor,U.S. Equity Momentum Factor,U.S. Equity Quality Factor,U.S. Equity Minimum Volatility Factor,U.S. Equity Dividend Yield Factor,Global Convertible Bonds hedged,U.S. Core Real Estate,U.S. Value-Added Real Estate,European Core Real Estate,Asia Pacific Core Real Estate,U.S. REITs,Commercial Mortgage Loans,Global Core Infrastructure,Global Core Transport,Global Timberland,Commodities,Gold,Private Equity,Venture Capital,Diversified Hedge Funds,Event Driven Hedge Funds,Long Bias Hedge Funds,Relative Value Hedge Funds,Macro Hedge Funds,Direct Lending
U.S. Inflation,0.025,0.025112470752755467,0.015186451101303294,1.0,-0.016074330761665846,-0.257779454099716,-0.20733693113236834,-0.0035311134871375007,-0.23563136734095647,-0.21930193355077285,-0.28632755563549206,-0.20390007140476987,-0.16857448251937224,-0.17232665799207314,0.012072236481645895,0.17986046070457684,-0.27955879536260386,-0.1510600165495086,-0.27233773821166535,-0.13283579909200036,-0.11946027365562714,-0.03247791975585653,-0.05288875843467218,-0.15550255227689164,0.19640853088260854,0.01278985829800656,0.006076554121995202,-0.01679139166794389,-0.015670483775963587,-0.06753795901819934,-0.03336669326110972,0.050882169380022636,-0.01043629507774729,-0.05148800059341731,0.00147630818304463,-0.048901935812701525,0.004413396905664657,-0.01620371423943105,0.018762971382573983,-0.00483680753078988,-0.005391291800146421,-0.0007915533981580393,-0.08111283967107634,0.3123104262781705,0.3123104245691058,0.3114889019588709,0.2181361172972754,-0.0006793832590218439,0.10927713211676894,0.20210096556580734,0.16440651204951237,-0.01811104437098075,0.26515490072222087,-0.009784765710975647,0.09432421597587892,-0.06715997998853028,0.08909988182333968,0.08611162178649535,0.01555961510189025,0.13557525969095993,-0.02878276194194233,0.2424637533913887
U.S. Cash,0.029000000000000005,0.029017145187323568,0.005940224349228482,-0.016074330761665846,0.9999999999999998,0.17410676681445972,0.05828625105743315,0.04429425068827095,0.09671889179823064,0.119509938633165,0.2614714144736679,0.03652883619777694,0.01922085795006195,0.010732814936130762,-0.0731325502798198,-0.08666870086673115,0.10206712718042396,0.10232435416518074,0.08755472090572998,0.09335156494723403,0.02551835515852995,0.11591024992505511,-0.028680541808983023,0.08692712916341148,-0.04351879268362732,-0.03617962303333933,-0.054936100512821835,-0.06866201112823551,0.04675014343035244,-0.028479543801316193,-0.012198136684922326,-0.019565290860572734,0.007837335122493972,0.10261326706202545,0.020854162118505038,0.013379034761237054,-0.013710339640450592,-0.06511301608799633,-0.033189099267199956,-0.024772198372193525,-0.07862200612008553,-0.08176481774753575,-0.03633534594622417,-0.16798231518238577,-0.1679823086655253,-0.16292832178019614,-0.04651944428241823,-0.06252302602777758,0.0047055225611536515,0.01427794520510741,0.12554419397384228,0.18391960715680472,-0.0367769793335062,0.09436013182769869,0.003497116212246234,-0.054119283896539264,0.008957054285855207,-0.05020315699125611,-0.03906703273759455,-0.062471630347980985,0.03583579070051232,-0.10764437801078106
U.S. Intermediate Treasuries,0.039,0.03951292736098644,0.03266770650220193,-0.257779454099716,0.17410676681445972,1.0,0.8294334638172625,0.6136498214625833,0.8312293320610231,0.7893578315798053,0.8330597845320012,0.7219735684948073,0.4900616580813104,0.48375711246360825,-0.06204917534361862,-0.39028416191401394,0.8536985025035811,0.7369135830280763,0.713294458853211,0.6308599818539122,0.2730636639293696,0.18803833186343422,0.1610400706183019,0.5154825828914359,0.1135638208135165,-0.11314391548414095,-0.15669910754052477,-0.1949078256201151,-0.06269861210682257,-0.05254715192429143,-0.06391787940014168,-0.16684605865845442,-0.08128210279096888,-0.050060887415905704,-0.07264485740817525,-0.03843866146144006,-0.10359222705748782,-0.15635141877885275,-0.11983535901814704,-0.09048624272052319,-0.07252832338805665,-0.12468637679355123,-0.12127243871077203,-0.25168042769122007,-0.25168042858825745,-0.3497432771595869,-0.26998335056627476,0.05400468378638841,0.17897736324874475,-0.25371589734123484,0.014847606575269984,-0.12219702713644601,-0.16687148785211167,0.3688624027893985,-0.3619846493480277,-0.26679906971361356,-0.3301693645551499,-0.2940599775199422,-0.20784236306613016,-0.29445564894236903,-0.09439948908856655,-0.4340218665791264
U.S. Long Treasuries,0.052000000000000005,0.059175387397719215,0.1239187358352434,-0.20733693113236834,0.05828625105743315,0.8294334638172625,0.9999999999999999,0.5805612802486498,0.8321591582524653,0.7259734282995123,0.5785247010059255,0.8942879059880061,0.5640674118259209,0.6433419755457317,-0.055292050789472434,-0.3051661813036263,0.8584257243337471,0.6329816557712112,0.7258634773661339,0.517405483139717,0.29602297261007726,0.13703021296946533,0.1902648975276724,0.48806385224353543,0.20479569980955586,-0.09553705930754165,-0.12396551483843327,-0.185088002677642,-0.09832776259213814,-0.03438794223476985,-0.05620552538538143,-0.18173816840747253,-0.09435624357124976,-0.02995349662384034,-0.06424722742931481,-0.01741277444067611,-0.09724147327014665,-0.16177309202999235,-0.07179910442752901,-0.07677905787636909,-0.03658298661865267,-0.11176477628470143,-0.07313134576572218,-0.16041408173568042,-0.16041407644517214,-0.31116541775000234,-0.2601932080300645,0.13480668799613224,0.17052579966453107,-0.27993093015976983,0.02948074222136595,-0.2126525140349335,-0.23060687903606453,0.31169290023158414,-0.4151763658418839,-0.281109806187432,-0.24928031538275436,-0.28806839675839996,-0.20898238617484846,-0.2544134050306556,-0.07650800945559733,-0.4328639996246032
TIPS,0.046,0.047576933200937255,0.057544703052181664,-0.0035311134871375007,0.04429425068827095,0.6136498214625833,0.5805612802486498,1.0,0.7488318565085478,0.687049593817702,0.6146207319404231,0.6785483668705493,0.69988233743471,0.6533321303973232,0.4591335247122509,0.17867132129277236,0.600817197911676,0.6696506138473177,0.5526070750867864,0.6396747268373336,0.607383582473668,0.4423539144634773,0.5347577759251696,0.5672687304456601,0.45862899678200064,0.28718588640994935,0.2796577130962915,0.18330545485513855,0.27348006112947565,0.2542132075443841,0.22758236743024848,0.2328101118706583,0.2976868483033343,0.1082202843144161,0.3209687024901751,0.30863717460863843,0.3137226064188369,0.22443751377799323,0.3277219069621798,0.29541122232990513,0.2944263029659321,0.26813744437532744,0.3214396655156369,0.10910116006464483,0.10910115902487758,0.1673178798450669,0.2398026649132917,0.3565165202553625,0.5261264232139862,0.23250846039947112,-0.02937733851884415,0.15039096586885328,0.27387451251477674,0.4817145641518558,0.1706096617166737,0.14185080629211247,0.18826025582716488,0.20989699466770786,0.24756071610051117,0.24979377225301375,0.09201101835947581,0.15405999301231796
U.S. Aggregate Bonds,0.051,0.05186832202429681,0.04276663773315253,-0.23563136734095647,0.09671889179823064,0.8312293320610231,0.8321591582524653,0.7488318565085478,1.0,0.9312480554692187,0.8220405010545075,0.9347539652516796,0.8500824864577466,0.8499106876403127,0.35212645340330173,0.02559413885926833,0.8610370889262317,0.7855733838519631,0.7728932239709224,0.7177443923767696,0.6275918569921639,0.4478993093989307,0.544571031608622,0.7071730845871772,0.3945366677264866,0.2110300100517687,0.19437248054767853,0.10693659552983437,0.25158620073853927,0.259384276945645,0.25594061896104586,0.16644603264905095,0.25940720244737764,0.16218456425617972,0.2665084233841988,0.2953047987155839,0.24653094049009064,0.15596539775962237,0.22815096450372543,0.22684364391809,0.23961540694832306,0.19496169336353958,0.27945716932060405,-0.08415045812952489,-0.08415045861866274,-0.10116977927492099,0.03886630645249,0.34673658233813204,0.4319963735880609,0.0009737651435998924,-0.08738773229264267,0.03402226459236409,0.002924585921256564,0.4076881932229655,-0.025939472396595296,0.004648380193028224,0.013029058499748109,0.06097635451451186,0.1492483294820189,0.10693936752493473,-0.05216655583983499,-0.1175600414343478
U.S. Securitized,0.053,0.05352857843893677,0.03338538197022816,-0.21930193355077285,0.119509938633165,0.7893578315798053,0.7259734282995123,0.687049593817702,0.9312480554692187,0.9999999999999998,0.7853810586421388,0.7933600687757703,0.7288955079756269,0.7064770810169229,0.3548853779563413,0.026879983547662585,0.7723670581331418,0.7142899805636723,0.6822184730025539,0.6553844791595946,0.5784844808158507,0.4093908141202865,0.4839564484917915,0.6776240763339544,0.3868903174206356,0.20084898433658174,0.18882317562190198,0.11720104860508623,0.2445227730352137,0.2560006465802874,0.24557495761675344,0.16626681369024449,0.24738169017040945,0.1587482422263249,0.2514061887979353,0.2778406355250568,0.23214473417616546,0.16733944656145566,0.20659639899967744,0.211364899596495,0.22361470999672542,0.19339491753617008,0.24796394771319577,-0.022547324318477457,-0.02254732840130772,-0.03563509329411432,0.07281917634838053,0.33851820526486703,0.4666766370972198,0.03165964438457284,-0.043521328263360554,0.0366396446204348,-0.009531301162675468,0.35853279365244045,-0.017739654190768627,0.01832892859384569,-0.03004438471851504,0.05296309162099905,0.13092254145060575,0.10244515285128124,-0.13769422768588746,-0.07113880580547058
U.S. Short Duration Government/Credit,0.039,0.03911943143397334,0.015755946359792522,-0.28632755563549206,0.2614714144736679,0.8330597845320012,0.5785247010059255,0.6146207319404231,0.8220405010545075,0.7853810586421388,1.0000000000000002,0.6468885166650948,0.6439252886137272,0.5799992917312401,0.2605272773922966,-0.06633857829092867,0.7084066599156277,0.7348402093697397,0.6125904946333406,0.675187527643229,0.46523563164971615,0.39236780966550033,0.41925374434046425,0.5484380331552396,0.16959522271055907,0.08680561972542042,0.07039954102452023,0.010768827950460328,0.1928449457974705,0.18465542433704119,0.20280488338955194,0.09254754108563991,0.18532976269198098,0.11387013521138169,0.2053283333893116,0.22771015556851176,0.1492950181222092,0.06538852133870048,0.07998266831524144,0.09959435094759957,0.09854307082785903,0.0848698124626097,0.17265952442301713,-0.19507440486332658,-0.1950744077793332,-0.14658290179157396,-0.0360573135387603,0.14987561767121274,0.27032153707053247,-0.010580442405262045,-0.11088647776967477,0.08597925010156293,0.032756933745076405,0.3822689824726235,-0.035860368113711315,-0.05155553284378194,-0.07283195422552974,0.017363240655473778,0.10048306380782157,0.051248028403976395,0.014846817613323158,-0.17601696745787593
U.S. Long Duration Government/Credit,0.057,0.062412139083739326,0.10764905459971606,-0.20390007140476987,0.03652883619777694,0.7219735684948073,0.8942879059880061,0.6785483668705493,0.9347539652516796,0.7933600687757703,0.6468885166650948,1.0,0.8358511174914959,0.9036888657138008,0.2973231115498451,0.020279920089834293,0.8320125481160503,0.7204554912844366,0.7559116966044666,0.649883231378382,0.5859542162840936,0.4052971448854757,0.4956171349857086,0.624302449117684,0.35388376439746755,0.2054363139655136,0.18900871473838698,0.10141614973796495,0.21781355778462702,0.2536197647163942,0.229231274187413,0.14890754245212584,0.2407197715935207,0.1404880537171811,0.24552467863996472,0.27817928135990005,0.23429942419217778,0.1433390383165928,0.22728025414590938,0.22094820084908431,0.24685332802016124,0.1939218321109446,0.2653498083632277,-0.08744363553172764,-0.08744363247069249,-0.14049994358186563,0.007602906590061113,0.3626044413126398,0.3243365219534726,-0.05411905345895683,-0.0824228081974238,-0.004496162627032289,-0.010135108746268792,0.35455641059756154,-0.0872626668295819,-0.04808699017690657,0.0364325370673081,0.0540666057959345,0.1346871006608491,0.09576064581792636,0.0029165123052151986,-0.15178014808138385
U.S. Inv Grade Corporate Bonds,0.05800000000000001,0.06039517819713058,0.07139281082700823,-0.16857448251937224,0.01922085795006195,0.4900616580813104,0.5640674118259209,0.69988233743471,0.8500824864577466,0.7288955079756269,0.6439252886137272,0.8358511174914959,0.9999999999999998,0.9695104531378576,0.6438839576277833,0.37273913037782064,0.6254710706798138,0.6651683969835662,0.6096233248858709,0.6579694423626532,0.8108392180335438,0.6041393854986151,0.794139915419961,0.677858292315599,0.5310831500197936,0.46133889440555714,0.4660921583845897,0.3610569644447636,0.48457948918762633,0.4967922643054377,0.49044122077927843,0.4413615029219478,0.5204495150927408,0.29421192240604366,0.5221003202303106,0.5402614560047333,0.516590845028044,0.4107556518637276,0.4850218528390198,0.46905431290260924,0.46819028549222086,0.4461654819660485,0.5771491476708963,0.04966788529795691,0.04966788383150744,0.1358787259044234,0.3310624007216439,0.5053492144129241,0.4691614086699583,0.24767411264651315,-0.2531586792866845,0.23118560699368923,0.20642105835035693,0.3784703931112122,0.3585355999501161,0.26658893029926245,0.34051111409403856,0.38403837213643743,0.4505080267532374,0.44287537388277504,0.07017619658852764,0.21108682553170433
U.S. Long Corporate Bonds,0.06,0.06635624581969024,0.11695392668651819,-0.17232665799207314,0.010732814936130762,0.48375711246360825,0.6433419755457317,0.6533321303973232,0.8499106876403127,0.7064770810169229,0.5799992917312401,0.9036888657138008,0.9695104531378576,1.0,0.5791554253631794,0.3164103247391364,0.6561862917450768,0.6568188730249562,0.6389879887085383,0.6411257322265426,0.7599352160912348,0.5657760047521926,0.718309553040187,0.6389534132804535,0.4666145482914299,0.43834839902450795,0.4382463885373955,0.3371908728506776,0.4509803692093531,0.47300419654259634,0.45070125621460444,0.4098970937678029,0.49159673721576524,0.2649071431911901,0.48276346884570237,0.5042906395963341,0.4881304383478633,0.38430980642688833,0.4597410132596946,0.44643404366145534,0.4548862721213583,0.4263334351474221,0.5288437128512795,0.02476365359575293,0.0247636544073872,0.06581996177999183,0.2692047795161137,0.5078509203894669,0.3999345009208438,0.1777958213453269,-0.20746118591620244,0.19026134270021353,0.1731617249764466,0.33422134709720913,0.257272400133311,0.19415713425574713,0.2948026210098368,0.3384521409168449,0.40721722153117634,0.3843364972653083,0.07452456047610469,0.13315530391246758
U.S. High Yield Bonds,0.065,0.06825856557440635,0.08362993468215768,0.012072236481645895,-0.0731325502798198,-0.06204917534361862,-0.055292050789472434,0.4591335247122509,0.35212645340330173,0.3548853779563413,0.2605272773922966,0.2973231115498451,0.6438839576277833,0.5791554253631794,0.9999999999999999,0.779453621556503,0.0737444462203669,0.29974157849860344,0.15132870575231974,0.37933335284032355,0.7414411633422296,0.6215861202561546,0.7204811828685934,0.3982577847831257,0.47945606098132443,0.7390993022437324,0.782673906607882,0.7072657529420031,0.7238940673726216,0.6646826312516753,0.5984524988949012,0.7203611048916236,0.7671206647867815,0.3472147750703621,0.7221524120201342,0.6952704672970096,0.788167389682827,0.7371528138287747,0.7573687006956064,0.7258025001003577,0.7132136530014537,0.7347030059853216,0.8201377022985062,0.3751897475087802,0.375189740980842,0.528125037621684,0.6678111260643809,0.6653310014277519,0.4901964981106797,0.5704976499886435,-0.12333334874311057,0.3655872666885964,0.4583037599230107,0.1355444704069876,0.7253196014002212,0.538094407991926,0.612883412273924,0.7720604639867632,0.7688051666292898,0.820680846970521,0.11477794828512998,0.708910330182526
U.S. Leveraged Loans,0.065,0.06790596334235643,0.07894312677464567,0.17986046070457684,-0.08666870086673115,-0.39028416191401394,-0.3051661813036263,0.17867132129277236,0.02559413885926833,0.026879983547662585,-0.06633857829092867,0.020279920089834293,0.37273913037782064,0.3164103247391364,0.779453621556503,1.0,-0.22258095400704486,-0.05601724794735391,-0.1170549718448684,0.031076394324689054,0.4653750232058175,0.3595135102079467,0.569626308534805,0.17580729832860587,0.5010454794184166,0.5840560411580136,0.6314203033164278,0.5590050584951266,0.5287991601733347,0.49407941722445325,0.4988964529410682,0.6144435065364233,0.5850983750267288,0.2934516182474662,0.5733517303858763,0.5381239532802959,0.6173408796920198,0.5778007510596932,0.6169796359981036,0.5551682949374463,0.5422316386422352,0.5835491678602167,0.6936133311591028,0.44871356108008764,0.4487135589926655,0.5602603999738472,0.6509259902067737,0.42809110932215666,0.45766321197848175,0.5990634503875314,-0.050936812445189064,0.2992694945726103,0.4158902496540834,-0.036254733917652784,0.6909278764605218,0.5117534614291788,0.6757724439905494,0.7687672450925398,0.6838897132580707,0.8558631494254055,0.07292200625571348,0.7550403725702701
World Government Bonds hedged,0.042,0.0426689734608221,0.03736816117038631,-0.27955879536260386,0.10206712718042396,0.8536985025035811,0.8584257243337471,0.600817197911676,0.8610370889262317,0.7723670581331418,0.7084066599156277,0.8320125481160503,0.6254710706798138,0.6561862917450768,0.0737444462203669,-0.22258095400704486,1.0000000000000002,0.7005913428916128,0.9617444790757712,0.6154296407101639,0.3952927507953796,0.22925181079681897,0.2694017168219614,0.5814009277916831,0.24465925235714597,0.031506744006495696,-0.012404204491487172,-0.0690324389660378,0.01658299571879472,0.035636920761057005,-0.03299417607934882,-0.08691960364352184,0.008453251475973193,0.011725437166764064,0.005596760433499901,0.03633504096188394,0.019149107338265445,-0.02703974983131278,0.03389148020337565,0.04978427128894666,0.07900015488508073,0.0007861131901912205,0.03612476170466523,-0.15819693464958412,-0.15819693469865997,-0.2426693298419066,-0.20445371403455606,0.2055839902924479,0.28132318745949497,-0.21372570319268813,-0.012718571023824805,-0.11995919213979282,-0.21731870380095766,0.28747482502369737,-0.2755176728972864,-0.15241620206298942,-0.21141220244118283,-0.1888970250102091,-0.11314457478895223,-0.17352275343518822,-0.09153865685096456,-0.32285901168777154
World Government Bonds,0.048,0.050265179122211734,0.06909062894430032,-0.1510600165495086,0.10232435416518074,0.7369135830280763,0.6329816557712112,0.6696506138473177,0.7855733838519631,0.7142899805636723,0.7348402093697397,0.7204554912844366,0.6651683969835662,0.6568188730249562,0.29974157849860344,-0.05601724794735391,0.7005913428916128,1.0000000000000002,0.6341680719322176,0.9838237736359358,0.5744712465561066,0.6018274650722136,0.4549476563345003,0.5325291886748658,0.2222639618617621,0.26210292547499575,0.2218609420945286,0.14718942467851448,0.3897729264146404,0.304223714405943,0.29085181194791504,0.2924018293503553,0.3850864447300468,0.14533408111761598,0.3816677302121089,0.3697121438212933,0.3421864508968821,0.21316351251316493,0.24424046191429125,0.27089179359625587,0.27804755378101204,0.24617286614098896,0.2568908707377367,-0.12567092985854944,-0.12567093765790685,-0.03222876614525253,0.1598953200382,0.3389759131742323,0.24156599804117812,0.15878752760236528,-0.0501379453904485,0.21861720304423693,0.2261629919755906,0.5236147426872027,0.07257606933359366,0.008127561751198727,0.02112516381691176,0.1123928008149267,0.22315219222370208,0.08095191024667396,0.10971650036239913,-0.1583572451884086
World ex-U.S. Government Bonds hedged,0.04,0.04066190791554147,0.0371343532368344,-0.27233773821166535,0.08755472090572998,0.713294458853211,0.7258634773661339,0.5526070750867864,0.7728932239709224,0.6822184730025539,0.6125904946333406,0.7559116966044666,0.6096233248858709,0.6389879887085383,0.15132870575231974,-0.1170549718448684,0.9617444790757712,0.6341680719322176,1.0,0.5791982263456352,0.42319323452052343,0.24916283101724185,0.2871124185679036,0.5651609589190635,0.2592679978478965,0.11826833392636661,0.07642451541324613,0.02282098753615052,0.07507194807378756,0.08505900866713147,-0.021853677477797297,-0.02081771891604102,0.07093322843812848,0.02134793037673757,0.04743100318039041,0.06322845066784204,0.09484464837356635,0.06761850495788235,0.11640058029313016,0.13369337622870875,0.16108563352102678,0.0875946022846043,0.11587702418555641,-0.11907648078653664,-0.11907648205597411,-0.1704865176807206,-0.14397754163590143,0.25934765083030964,0.3050245517462368,-0.15666691762520712,-0.04478723407218074,-0.07336773382280154,-0.18166042111497388,0.2223884882260871,-0.17879093608231975,-0.06570886688075497,-0.13213493848347457,-0.09245690615551021,-0.03481344698501055,-0.08342016218058255,-0.06696386418126178,-0.20355519583800577
World ex-U.S. Government Bonds,0.049,0.052501704113275816,0.08607002238137791,-0.13283579909200036,0.09335156494723403,0.6308599818539122,0.517405483139717,0.6396747268373336,0.7177443923767696,0.6553844791595946,0.675187527643229,0.649883231378382,0.6579694423626532,0.6411257322265426,0.37933335284032355,0.031076394324689054,0.6154296407101639,0.9838237736359358,0.5791982263456352,0.9999999999999999,0.616794169002981,0.6634246870320252,0.4912461107422192,0.5171937068546212,0.2398351812124569,0.3408238847820232,0.30544233198595716,0.22802778245852046,0.47405782116955586,0.3730132432335176,0.3549474608451667,0.38595274467510154,0.4728712578040384,0.1797869315188546,0.4629064003584234,0.43862193262883553,0.427892353805941,0.29956728071692645,0.3201668539935701,0.34794079102758996,0.3523053269788377,0.32862753851878834,0.3332160197788526,-0.09833791625576026,-0.0983379244195666,0.037427770155140594,0.2475733444974702,0.3786990678466855,0.25864319205925657,0.256701080451127,-0.06571554828927106,0.2906945605436126,0.30720380130829567,0.5183881286951892,0.18742627447115023,0.09346772537299945,0.10264182593141911,0.21002762786496687,0.3178794182460244,0.1720781108747181,0.13504760532271848,-0.05432814114856127
Emerging Markets Sovereign Debt,0.068,0.07230447721695699,0.09637066445297135,-0.11946027365562714,0.02551835515852995,0.2730636639293696,0.29602297261007726,0.607383582473668,0.6275918569921639,0.5784844808158507,0.46523563164971615,0.5859542162840936,0.8108392180335438,0.7599352160912348,0.7414411633422296,0.4653750232058175,0.3952927507953796,0.5744712465561066,0.42319323452052343,0.616794169002981,1.0,0.8018375020481401,0.8919544343650169,0.6091268836496077,0.5525866167046392,0.600363558877908,0.6030851741532441,0.5024245974615897,0.6657924006057895,0.5754141739732707,0.6010582079000586,0.6073253917372432,0.6836661196359809,0.3384204652769473,0.6949940909288577,0.6706635884412344,0.6729587424296246,0.5595685325568569,0.6121847554704901,0.6103850443746502,0.6075332395147457,0.5889447058893719,0.6860820971273042,0.14824407053456096,0.14824406583452865,0.2885214590950948,0.48940000364091,0.5848520458224551,0.5593776142120646,0.46850125171755025,-0.15516575633542026,0.3802695406974088,0.3536429714356684,0.33792180251821025,0.5886182052087517,0.45842262156361596,0.45731497274937283,0.5425927330298902,0.5922744289688266,0.5877414218208888,0.0954524050018797,0.47079231234075763
Emerging Markets Local Currency Debt,0.06,0.0669464579179162,0.12234796325144158,-0.03247791975585653,0.11591024992505511,0.18803833186343422,0.13703021296946533,0.4423539144634773,0.4478993093989307,0.4093908141202865,0.39236780966550033,0.4052971448854757,0.6041393854986151,0.5657760047521926,0.6215861202561546,0.3595135102079467,0.22925181079681897,0.6018274650722136,0.24916283101724185,0.6634246870320252,0.8018375020481401,1.0,0.7234656561786441,0.37225573460489736,0.29152959277738183,0.5906390089594235,0.5882837584797669,0.5246603110494604,0.7212974657085911,0.6160564363925276,0.6707486201741121,0.6634896702978625,0.7429114616919923,0.3544493591756115,0.8032128574272964,0.7538767738237062,0.7071824705933215,0.5864162781426013,0.5607186691916319,0.6008246664340023,0.6062636974802924,0.6135138487528996,0.6123835482491115,0.14933088786091095,0.14933088386965318,0.30940362435292806,0.5316954689381976,0.5710425193699701,0.3962215976536113,0.5094040467883993,-0.03640582753141376,0.5086925979386512,0.46473123025549495,0.39502513820214447,0.5994459249383405,0.40874090248036643,0.4121572022780067,0.5318360877213091,0.617133592954511,0.5465847239281236,0.1812274401197439,0.39502826928970114
Emerging Markets Corporate Bonds,0.067,0.07077324277966635,0.0901303970151826,-0.05288875843467218,-0.028680541808983023,0.1610400706183019,0.1902648975276724,0.5347577759251696,0.544571031608622,0.4839564484917915,0.41925374434046425,0.4956171349857086,0.794139915419961,0.718309553040187,0.7204811828685934,0.569626308534805,0.2694017168219614,0.4549476563345003,0.2871124185679036,0.4912461107422192,0.8919544343650169,0.7234656561786441,1.0,0.47819757585545436,0.5450040960940944,0.5572526548412768,0.566214062871517,0.4671250089389743,0.6156407631474994,0.5629616677684207,0.6484390737683174,0.5960071254016477,0.6500836723427056,0.39620035154170913,0.6977302175407772,0.6861142511510099,0.6385872211592108,0.5251138862248736,0.5569241319624043,0.5529727842032169,0.5326711734951088,0.5408611454963671,0.6912720660516467,0.24099345142085446,0.24099344772747622,0.3890825799175071,0.5473037688330721,0.49991664919986684,0.524132283065598,0.48091651025700327,-0.1813283807340516,0.3435578064364758,0.35645926089204977,0.31959317726923586,0.625361449038727,0.4753039377573663,0.4989677873216704,0.5699370355461052,0.6047620346097118,0.6370807622615248,0.06678775615227849,0.5134129547204026
U.S. Muni 1-15 Yr Blend,0.04,0.04072520881341357,0.038872425165187595,-0.15550255227689164,0.08692712916341148,0.5154825828914359,0.48806385224353543,0.5672687304456601,0.7071730845871772,0.6776240763339544,0.5484380331552396,0.624302449117684,0.677858292315599,0.6389534132804535,0.3982577847831257,0.17580729832860587,0.5814009277916831,0.5325291886748658,0.5651609589190635,0.5171937068546212,0.6091268836496077,0.37225573460489736,0.47819757585545436,1.0000000000000002,0.6199106009332765,0.19571582688003494,0.2126361121714741,0.13563107925327697,0.2390614434176458,0.21484757065798712,0.2421938091966219,0.17940628493488678,0.23550139300809372,0.0976861530610804,0.2155961758670925,0.23234425619574656,0.21677584032301436,0.16105026867707173,0.237719825229596,0.2240678726467025,0.2425713188457893,0.21976914977438913,0.2777742389626069,-0.15974879153254057,-0.15974879565299535,-0.06340631267447659,0.14473123781615307,0.2871508315029701,0.4810678730268089,0.1051101176175395,-0.18328025751580515,0.07095423808501726,-0.03816979290450651,0.250131233134967,0.11633136238550675,0.11192686834850187,0.08015322519740238,0.12357427808211786,0.1536728499755566,0.17377023308577014,-0.0750822420550586,0.060711487695105426
U.S. Muni High Yield,0.05800000000000001,0.06137553858017841,0.08485137870582825,0.19640853088260854,-0.04351879268362732,0.1135638208135165,0.20479569980955586,0.45862899678200064,0.3945366677264866,0.3868903174206356,0.16959522271055907,0.35388376439746755,0.5310831500197936,0.4666145482914299,0.47945606098132443,0.5010454794184166,0.24465925235714597,0.2222639618617621,0.2592679978478965,0.2398351812124569,0.5525866167046392,0.29152959277738183,0.5450040960940944,0.6199106009332765,0.9999999999999999,0.29955655509089596,0.30253750246240074,0.20503509219749774,0.28123566668987576,0.26133645743660977,0.33119345497580144,0.32642201215939487,0.3057302380479327,0.17505417437869344,0.34741571832502727,0.3468059782274789,0.3158047947524548,0.23866693611744574,0.34136009437378684,0.2893913619760997,0.29710868639350835,0.27136951363749945,0.36241033816946144,0.3933859857131317,0.3933859895796122,0.36481412342200603,0.4842221901041035,0.3290272512321545,0.5734011582662875,0.32602417750461904,0.0031870897962743405,0.11044185653726184,0.1977019666094961,0.154496759648995,0.38562945374758034,0.3316732374133529,0.393004604338043,0.374018886962225,0.3109851614293737,0.4666377005625947,-0.03651863156433396,0.3860923510050743
U.S. Large Cap,0.07,0.08190714769728459,0.16185340737651438,0.01278985829800656,-0.03617962303333933,-0.11314391548414095,-0.09553705930754165,0.28718588640994935,0.2110300100517687,0.20084898433658174,0.08680561972542042,0.2054363139655136,0.46133889440555714,0.43834839902450795,0.7390993022437324,0.5840560411580136,0.031506744006495696,0.26210292547499575,0.11826833392636661,0.3408238847820232,0.600363558877908,0.5906390089594235,0.5572526548412768,0.19571582688003494,0.29955655509089596,1.0000000000000002,0.9608889707605006,0.9015903839802536,0.8475117600207708,0.7336738090870691,0.6001984369479044,0.8292590172227029,0.8818719938339173,0.3573642647588869,0.7418791120403275,0.7101199441677472,0.9635788450843387,0.9645446726074619,0.9656603702989212,0.9892894267420855,0.9325967342176316,0.9311571018431734,0.8562701491798148,0.3846658802586795,0.3846658758625894,0.5114657067750351,0.6213160872315744,0.7660682620179157,0.28304610689374776,0.4605178206755416,0.03359861738523552,0.4510811258458158,0.4547030330715883,0.03343151395124822,0.7925023693182905,0.6510220988270761,0.6800928444278316,0.8010081012734034,0.8651158693788857,0.690712093137317,0.17723864216606255,0.6131836747471487
U.S. Mid Cap,0.076,0.09076140840344206,0.18129546334266464,0.006076554121995202,-0.054936100512821835,-0.15669910754052477,-0.12396551483843327,0.2796577130962915,0.19437248054767853,0.18882317562190198,0.07039954102452023,0.18900871473838698,0.4660921583845897,0.4382463885373955,0.782673906607882,0.6314203033164278,-0.012404204491487172,0.2218609420945286,0.07642451541324613,0.30544233198595716,0.6030851741532441,0.5882837584797669,0.566214062871517,0.2126361121714741,0.30253750246240074,0.9608889707605006,1.0000000000000002,0.9504776528155295,0.8371296356768214,0.7245385962148467,0.6060179193269315,0.8139529088153208,0.8726298327586545,0.35369472426036336,0.756882550182864,0.7215022218109397,0.9451849500173485,0.9647331168224055,0.962022970408681,0.956513478357463,0.915531620479088,0.9439451537053459,0.8872925279697195,0.36514435428570113,0.36514434842376864,0.5052339792652196,0.6473976013311422,0.7837030197425386,0.3122013364410556,0.4646779390160372,-0.020099767941510048,0.4655347552046488,0.4770534962302821,0.03346125900385988,0.8081925989183778,0.6728969237467727,0.715483995449556,0.8498414297713295,0.8983190050208392,0.7438262694700374,0.1999407346041853,0.6848838291412523
U.S. Small Cap,0.072,0.09065703666148896,0.20436596913658103,-0.01679139166794389,-0.06866201112823551,-0.1949078256201151,-0.185088002677642,0.18330545485513855,0.10693659552983437,0.11720104860508623,0.010768827950460328,0.10141614973796495,0.3610569644447636,0.3371908728506776,0.7072657529420031,0.5590050584951266,-0.0690324389660378,0.14718942467851448,0.02282098753615052,0.22802778245852046,0.5024245974615897,0.5246603110494604,0.4671250089389743,0.13563107925327697,0.20503509219749774,0.9015903839802536,0.9504776528155295,1.0,0.7649635879015177,0.6668685089672073,0.5330005606228786,0.7313587558666952,0.7936591043628282,0.3195158617961167,0.6795821464091134,0.6529864007917077,0.871965314799569,0.9277924800632286,0.8973505494277135,0.8973489495467416,0.8455945636558996,0.8880454730421615,0.8286872289492068,0.3300884837749196,0.3300884765659586,0.44379290488530654,0.5569982773978077,0.7443380014934596,0.21940463565758136,0.4022341034987836,-0.008792332770522054,0.43604216677507385,0.4012264232329929,-0.03269773372740362,0.7603302179684183,0.7057242736848016,0.6401564427530826,0.8108919621401778,0.8504548941524518,0.6718768729203394,0.14225617220436518,0.6228004678040453
Euro Area Large Cap,0.09700000000000002,0.11830319229607555,0.22145825193614418,-0.015670483775963587,0.04675014343035244,-0.06269861210682257,-0.09832776259213814,0.27348006112947565,0.25158620073853927,0.2445227730352137,0.1928449457974705,0.21781355778462702,0.48457948918762633,0.4509803692093531,0.7238940673726216,0.5287991601733347,0.01658299571879472,0.3897729264146404,0.07507194807378756,0.47405782116955586,0.6657924006057895,0.7212974657085911,0.6156407631474994,0.2390614434176458,0.28123566668987576,0.8475117600207708,0.8371296356768214,0.7649635879015177,0.9999999999999999,0.7605588044678664,0.6926687702098308,0.9110550759295624,0.970353592389833,0.38389459482789157,0.8209948523375126,0.785602457795605,0.9293986485275971,0.8385995522876184,0.8140601309261201,0.8380586619444133,0.7892579383288744,0.81231643586405,0.8158380630733122,0.23255223452658944,0.23255222813558243,0.41634872169010406,0.649846370100507,0.6773975683724995,0.25889361623891144,0.537739699829309,0.0020004198606627978,0.5692243455896022,0.47798313664226155,0.10097205628590156,0.7843130403153001,0.561088663590182,0.6457421428426521,0.7684472973456934,0.8291546694107347,0.6899142102435468,0.22193853816061174,0.530227461298061
Japanese Equity,0.09300000000000001,0.10389209163650757,0.1562307314447047,-0.06753795901819934,-0.028479543801316193,-0.05254715192429143,-0.03438794223476985,0.2542132075443841,0.259384276945645,0.2560006465802874,0.18465542433704119,0.2536197647163942,0.4967922643054377,0.47300419654259634,0.6646826312516753,0.49407941722445325,0.035636920761057005,0.304223714405943,0.08505900866713147,0.3730132432335176,0.5754141739732707,0.6160564363925276,0.5629616677684207,0.21484757065798712,0.26133645743660977,0.7336738090870691,0.7245385962148467,0.6668685089672073,0.7605588044678664,0.9999999999999999,0.6159663298540934,0.7511194720230374,0.8489423679166194,0.34855994522544986,0.7035075088271094,0.689235084313291,0.8089014557676011,0.7258684280273618,0.7103983102734707,0.7174638758794099,0.6652571417336559,0.6961523623628817,0.7438550598538248,0.26935872061002747,0.2693587174069701,0.36523579691151214,0.5615948165430149,0.5564152744970366,0.11869846435852173,0.4249318447224394,-0.1498454733668454,0.3837284649118249,0.3884600021442037,0.04430628059432379,0.6213194825163921,0.5190409560399667,0.5890461206829193,0.6836157162954244,0.7546632383087544,0.6429253187884533,0.13977901437883888,0.4299407621841998
Hong Kong Equity,0.099,0.11801194867199861,0.20885558157574177,-0.03336669326110972,-0.012198136684922326,-0.06391787940014168,-0.05620552538538143,0.22758236743024848,0.25594061896104586,0.24557495761675344,0.20280488338955194,0.229231274187413,0.49044122077927843,0.45070125621460444,0.5984524988949012,0.4988964529410682,-0.03299417607934882,0.29085181194791504,-0.021853677477797297,0.3549474608451667,0.6010582079000586,0.6707486201741121,0.6484390737683174,0.2421938091966219,0.33119345497580144,0.6001984369479044,0.6060179193269315,0.5330005606228786,0.6926687702098308,0.6159663298540934,1.0,0.7378960150057303,0.7510576761835006,0.5870885595532188,0.8543155349558188,0.8931583761228015,0.7245860718102081,0.587839599244798,0.5922783680472181,0.5873494862662293,0.5621190199281239,0.6058682322092656,0.6879260812191352,0.22553832246831693,0.22553831467293886,0.458872954543615,0.6499517053555357,0.47072582306843846,0.29989252091861085,0.5417540450498745,-0.03380943434251865,0.531753734720447,0.43835291213022326,0.22363766213447708,0.6874852538587944,0.5104112445921603,0.5741414998154837,0.6315228384050804,0.7305108150835709,0.6686851051105279,0.19273649697282472,0.46816370770971094
UK Large Cap,0.086,0.10006663285798112,0.1776298465243565,0.050882169380022636,-0.019565290860572734,-0.16684605865845442,-0.18173816840747253,0.2328101118706583,0.16644603264905095,0.16626681369024449,0.09254754108563991,0.14890754245212584,0.4413615029219478,0.4098970937678029,0.7203611048916236,0.6144435065364233,-0.08691960364352184,0.2924018293503553,-0.02081771891604102,0.38595274467510154,0.6073253917372432,0.6634896702978625,0.5960071254016477,0.17940628493488678,0.32642201215939487,0.8292590172227029,0.8139529088153208,0.7313587558666952,0.9110550759295624,0.7511194720230374,0.7378960150057303,1.0,0.9483031524409447,0.3993549683934097,0.8113848469515523,0.7710683220154005,0.9113293161374427,0.8268298618929131,0.7856455306899213,0.8165115107950278,0.7846061454430023,0.8268227687585773,0.7823091024479322,0.34562462127724286,0.3456246166813886,0.527536392119962,0.7204716629681928,0.6331087284049417,0.26389561842076675,0.5784841186560813,-0.03991747374944348,0.5369540558176926,0.6023600444928975,0.12421039207117736,0.7984525497736755,0.5574400659469201,0.6883031765346277,0.8072644748001357,0.8402446761766179,0.7553560984651886,0.2663684811027089,0.6081870742974703
EAFE Equity,0.092,0.10580343896120926,0.17637757682666894,-0.01043629507774729,0.007837335122493972,-0.08128210279096888,-0.09435624357124976,0.2976868483033343,0.25940720244737764,0.24738169017040945,0.18532976269198098,0.2407197715935207,0.5204495150927408,0.49159673721576524,0.7671206647867815,0.5850983750267288,0.008453251475973193,0.3850864447300468,0.07093322843812848,0.4728712578040384,0.6836661196359809,0.7429114616919923,0.6500836723427056,0.23550139300809372,0.3057302380479327,0.8818719938339173,0.8726298327586545,0.7936591043628282,0.970353592389833,0.8489423679166194,0.7510576761835006,0.9483031524409447,0.9999999999999999,0.4120218922119265,0.8621019764671797,0.8283334617989969,0.966882309285591,0.8689990680638778,0.8521631195868784,0.8708492585032243,0.8293557601711553,0.8543458723886761,0.8580489911707394,0.2948333341841968,0.29483332824140535,0.47987654327802803,0.7047806708277561,0.7015748032558455,0.2667629960360713,0.5506990211550375,-0.0448152137209802,0.5572244575176544,0.5365417695402772,0.12528320722972158,0.8066249295170811,0.5902342991760753,0.6995884475053569,0.8201426719179746,0.8853137312599356,0.7539297588230508,0.24912515718493394,0.5762365555675596
Chinese Domestic Equity,0.10800000000000001,0.14384853853758872,0.29331486742461,-0.05148800059341731,0.10261326706202545,-0.050060887415905704,-0.02995349662384034,0.1082202843144161,0.16218456425617972,0.1587482422263249,0.11387013521138169,0.1404880537171811,0.29421192240604366,0.2649071431911901,0.3472147750703621,0.2934516182474662,0.011725437166764064,0.14533408111761598,0.02134793037673757,0.1797869315188546,0.3384204652769473,0.3544493591756115,0.39620035154170913,0.0976861530610804,0.17505417437869344,0.3573642647588869,0.35369472426036336,0.3195158617961167,0.38389459482789157,0.34855994522544986,0.5870885595532188,0.3993549683934097,0.4120218922119265,1.0,0.5611646866410327,0.6088719362831672,0.42467255532707876,0.33653605770938605,0.36895324904124666,0.3469227432289517,0.30102561940845435,0.30801559566418724,0.4791675187560334,0.13070060142510478,0.13070059656894456,0.39874822632737855,0.3617161091670262,0.16835394654238953,0.2376532597774537,0.17995949974860095,-0.11384388705506698,0.36376576091082646,0.190418323806808,0.19681223683436097,0.4995682678498374,0.47499781894124765,0.440270264496425,0.4248565736271405,0.4856315725438084,0.44103444836297095,0.11244529564884637,0.279908483742703
Emerging Markets Equity,0.088,0.10774644294688308,0.21200543764139235,0.00147630818304463,0.020854162118505038,-0.07264485740817525,-0.06424722742931481,0.3209687024901751,0.2665084233841988,0.2514061887979353,0.2053283333893116,0.24552467863996472,0.5221003202303106,0.48276346884570237,0.7221524120201342,0.5733517303858763,0.005596760433499901,0.3816677302121089,0.04743100318039041,0.4629064003584234,0.6949940909288577,0.8032128574272964,0.6977302175407772,0.2155961758670925,0.34741571832502727,0.7418791120403275,0.756882550182864,0.6795821464091134,0.8209948523375126,0.7035075088271094,0.8543155349558188,0.8113848469515523,0.8621019764671797,0.5611646866410327,1.0,0.9771618059110516,0.8662498862727493,0.7278685806049712,0.7412651485537336,0.7253660959889178,0.6869269361686051,0.7253805154842826,0.8088457097101888,0.30628933858151247,0.3062893327777885,0.576613247464224,0.7133433502206686,0.5844798332161154,0.363794292349954,0.5772889144301023,-0.07013162293648847,0.5374225993206583,0.5724457585119255,0.24720132199087372,0.8114842918672612,0.6141203277943658,0.6774231654464213,0.7603177805833439,0.8565332765208781,0.7596595788988588,0.26832157398370826,0.5897529275096507
AC Asia ex-Japan Equity,0.08900000000000001,0.10834580778672187,0.20984085259975746,-0.048901935812701525,0.013379034761237054,-0.03843866146144006,-0.01741277444067611,0.30863717460863843,0.2953047987155839,0.2778406355250568,0.22771015556851176,0.27817928135990005,0.5402614560047333,0.5042906395963341,0.6952704672970096,0.5381239532802959,0.03633504096188394,0.3697121438212933,0.06322845066784204,0.43862193262883553,0.6706635884412344,0.7538767738237062,0.6861142511510099,0.23234425619574656,0.3468059782274789,0.7101199441677472,0.7215022218109397,0.6529864007917077,0.785602457795605,0.689235084313291,0.8931583761228015,0.7710683220154005,0.8283334617989969,0.6088719362831672,0.9771618059110516,1.0,0.8315452874741625,0.692498402790823,0.7101182100737657,0.6927772965115697,0.6537060544321668,0.6860155865332955,0.7942931047899516,0.28590950035895657,0.28590949689648326,0.5392279810748627,0.6888551330117992,0.5652222132451036,0.34413651980812027,0.5256212329322543,-0.06393853503881433,0.5079360721460296,0.49365655383362894,0.22203020503446697,0.7733735449610688,0.6057061470106688,0.6442186491449062,0.7175231614241864,0.8236472622562492,0.7221087738457851,0.23590758207946946,0.527204391713545
AC World Equity,0.078,0.09054045178616699,0.16682586068177196,0.004413396905664657,-0.013710339640450592,-0.10359222705748782,-0.09724147327014665,0.3137226064188369,0.24653094049009064,0.23214473417616546,0.1492950181222092,0.23429942419217778,0.516590845028044,0.4881304383478633,0.788167389682827,0.6173408796920198,0.019149107338265445,0.3421864508968821,0.09484464837356635,0.427892353805941,0.6729587424296246,0.7071824705933215,0.6385872211592108,0.21677584032301436,0.3158047947524548,0.9635788450843387,0.9451849500173485,0.871965314799569,0.9293986485275971,0.8089014557676011,0.7245860718102081,0.9113293161374427,0.966882309285591,0.42467255532707876,0.8662498862727493,0.8315452874741625,1.0,0.9359025096930753,0.9395824639556463,0.9500256638384835,0.8953613454231717,0.9124479604305532,0.9004178036520021,0.3563960465740688,0.3563960407635766,0.5434313556357778,0.6973823715989872,0.7456553108854805,0.30059300309266473,0.5347829619862898,-0.01815711867494344,0.5237256127614328,0.536241910179657,0.10912163168462469,0.8392034722070791,0.6544976277711769,0.7301630135347301,0.8497513082882688,0.9236859242083331,0.7675310372003274,0.24246363630667625,0.6287875520769546
U.S. Equity Value Factor,0.084,0.09757249087387375,0.17422823407708365,-0.01620371423943105,-0.06511301608799633,-0.15635141877885275,-0.16177309202999235,0.22443751377799323,0.15596539775962237,0.16733944656145566,0.06538852133870048,0.1433390383165928,0.4107556518637276,0.38430980642688833,0.7371528138287747,0.5778007510596932,-0.02703974983131278,0.21316351251316493,0.06761850495788235,0.29956728071692645,0.5595685325568569,0.5864162781426013,0.5251138862248736,0.16105026867707173,0.23866693611744574,0.9645446726074619,0.9647331168224055,0.9277924800632286,0.8385995522876184,0.7258684280273618,0.587839599244798,0.8268298618929131,0.8689990680638778,0.33653605770938605,0.7278685806049712,0.692498402790823,0.9359025096930753,1.0,0.9092828253982691,0.9594543891238515,0.9254500884608576,0.9675538216383873,0.8226579303302741,0.36556000212570106,0.3655599975980978,0.4753765283689172,0.6246443950867387,0.7757269433305077,0.2558315647986082,0.455200481048886,0.00933596897436847,0.45685865449109364,0.44165575679542557,-0.005856163549817102,0.7744256213020004,0.610310170185553,0.6302980757171793,0.8098779858930211,0.8510492406933188,0.6978987461932841,0.16126054356620317,0.6393481926962232
U.S. Equity Momentum Factor,0.079,0.09144325808509655,0.16623443459184506,0.018762971382573983,-0.033189099267199956,-0.11983535901814704,-0.07179910442752901,0.3277219069621798,0.22815096450372543,0.20659639899967744,0.07998266831524144,0.22728025414590938,0.4850218528390198,0.4597410132596946,0.7573687006956064,0.6169796359981036,0.03389148020337565,0.24424046191429125,0.11640058029313016,0.3201668539935701,0.6121847554704901,0.5607186691916319,0.5569241319624043,0.237719825229596,0.34136009437378684,0.9656603702989212,0.962022970408681,0.8973505494277135,0.8140601309261201,0.7103983102734707,0.5922783680472181,0.7856455306899213,0.8521631195868784,0.36895324904124666,0.7412651485537336,0.7101182100737657,0.9395824639556463,0.9092828253982691,0.9999999999999999,0.9639489453929023,0.902239381954952,0.8833007931454724,0.8873655396627752,0.3570950208825435,0.3570950156026945,0.5045566783003019,0.6168094891003217,0.7376115385790862,0.3380539647109101,0.462513032510474,0.014928933039696753,0.44734076188582805,0.4608361599959748,0.0626497640741665,0.7976335278401766,0.6835569280815633,0.7410037518589766,0.815146462670881,0.8840330409210413,0.7159005042266983,0.20559188132914868,0.6473079263698573
U.S. Equity Quality Factor,0.07,0.08000967765840761,0.14807240246946313,-0.00483680753078988,-0.024772198372193525,-0.09048624272052319,-0.07677905787636909,0.29541122232990513,0.22684364391809,0.211364899596495,0.09959435094759957,0.22094820084908431,0.46905431290260924,0.44643404366145534,0.7258025001003577,0.5551682949374463,0.04978427128894666,0.27089179359625587,0.13369337622870875,0.34794079102758996,0.6103850443746502,0.6008246664340023,0.5529727842032169,0.2240678726467025,0.2893913619760997,0.9892894267420855,0.956513478357463,0.8973489495467416,0.8380586619444133,0.7174638758794099,0.5873494862662293,0.8165115107950278,0.8708492585032243,0.3469227432289517,0.7253660959889178,0.6927772965115697,0.9500256638384835,0.9594543891238515,0.9639489453929023,1.0000000000000002,0.9494657020364173,0.9368841698949637,0.8383792663044969,0.34705408782222064,0.3470540843562465,0.4617979262240762,0.5980971897373191,0.7742981475222989,0.3101903800953932,0.4526268655267127,0.05084237403548965,0.4491599932439348,0.4321522562022563,0.058045072170474186,0.7795807392262152,0.6334979713354943,0.657807519004242,0.7760374377195917,0.8480262801832626,0.6621746391783575,0.1785168817643163,0.6069357111414743
U.S. Equity Minimum Volatility Factor,0.074,0.08169953768267568,0.1297564040606161,-0.005391291800146421,-0.07862200612008553,-0.07252832338805665,-0.03658298661865267,0.2944263029659321,0.23961540694832306,0.22361470999672542,0.09854307082785903,0.24685332802016124,0.46819028549222086,0.4548862721213583,0.7132136530014537,0.5422316386422352,0.07900015488508073,0.27804755378101204,0.16108563352102678,0.3523053269788377,0.6075332395147457,0.6062636974802924,0.5326711734951088,0.2425713188457893,0.29710868639350835,0.9325967342176316,0.915531620479088,0.8455945636558996,0.7892579383288744,0.6652571417336559,0.5621190199281239,0.7846061454430023,0.8293557601711553,0.30102561940845435,0.6869269361686051,0.6537060544321668,0.8953613454231717,0.9254500884608576,0.902239381954952,0.9494657020364173,0.9999999999999998,0.9557518033057579,0.7638299845243238,0.3894930538554519,0.38949305073111856,0.4317600735203176,0.6156860437679935,0.8226434888792203,0.36470863242594637,0.4407748330811831,0.07157068106780055,0.4593727917246336,0.4160179426714027,0.08117520767698712,0.717352216988686,0.5433184448470274,0.5993615150004769,0.7166229939172521,0.7742378196183194,0.6356909604914285,0.1945020978386532,0.5988880975830577
U.S. Equity Dividend Yield Factor,0.08,0.09174770849237725,0.1614655217306934,-0.0007915533981580393,-0.08176481774753575,-0.12468637679355123,-0.11176477628470143,0.26813744437532744,0.19496169336353958,0.19339491753617008,0.0848698124626097,0.1939218321109446,0.4461654819660485,0.4263334351474221,0.7347030059853216,0.5835491678602167,0.0007861131901912205,0.24617286614098896,0.0875946022846043,0.32862753851878834,0.5889447058893719,0.6135138487528996,0.5408611454963671,0.21976914977438913,0.27136951363749945,0.9311571018431734,0.9439451537053459,0.8880454730421615,0.81231643586405,0.6961523623628817,0.6058682322092656,0.8268227687585773,0.8543458723886761,0.30801559566418724,0.7253805154842826,0.6860155865332955,0.9124479604305532,0.9675538216383873,0.8833007931454724,0.9368841698949637,0.9557518033057579,1.0,0.793018104982891,0.3555649667093459,0.35556496213742156,0.4519286041429868,0.6473188557857715,0.805320602309381,0.3099457942847313,0.46067147849601475,0.00926077932520255,0.4565261663890488,0.47329813543963123,0.04620600284239236,0.746613312935279,0.5522446329836066,0.6113257367119205,0.78681027355584,0.8211905431140466,0.691734193946648,0.20091270144828716,0.6470673307691146
Global Convertible Bonds hedged,0.079,0.0853373941522313,0.1178043053193071,-0.08111283967107634,-0.03633534594622417,-0.12127243871077203,-0.07313134576572218,0.3214396655156369,0.27945716932060405,0.24796394771319577,0.17265952442301713,0.2653498083632277,0.5771491476708963,0.5288437128512795,0.8201377022985062,0.6936133311591028,0.03612476170466523,0.2568908707377367,0.11587702418555641,0.3332160197788526,0.6860820971273042,0.6123835482491115,0.6912720660516467,0.2777742389626069,0.36241033816946144,0.8562701491798148,0.8872925279697195,0.8286872289492068,0.8158380630733122,0.7438550598538248,0.6879260812191352,0.7823091024479322,0.8580489911707394,0.4791675187560334,0.8088457097101888,0.7942931047899516,0.9004178036520021,0.8226579303302741,0.8873655396627752,0.8383792663044969,0.7638299845243238,0.793018104982891,0.9999999999999999,0.2604676175408144,0.260467614393891,0.5318248013771695,0.6265554729257662,0.6453627078802021,0.33794436244956444,0.4533406043771281,-0.18806484156079592,0.4093256534294208,0.44673156803569897,0.1217538806352005,0.816080593845429,0.729502796395412,0.7978342123069794,0.8712424953425234,0.9251081437769227,0.827323046014789,0.2563105232574191,0.6607774759366803
U.S. Core Real Estate,0.075,0.08016393827164524,0.1060014696816212,0.3123104262781705,-0.16798231518238577,-0.25168042769122007,-0.16041408173568042,0.10910116006464483,-0.08415045812952489,-0.022547324318477457,-0.19507440486332658,-0.08744363553172764,0.04966788529795691,0.02476365359575293,0.3751897475087802,0.44871356108008764,-0.15819693464958412,-0.12567092985854944,-0.11907648078653664,-0.09833791625576026,0.14824407053456096,0.14933088786091095,0.24099345142085446,-0.15974879153254057,0.3933859857131317,0.3846658802586795,0.36514435428570113,0.3300884837749196,0.23255223452658944,0.26935872061002747,0.22553832246831693,0.34562462127724286,0.2948333341841968,0.13070060142510478,0.30628933858151247,0.28590950035895657,0.3563960465740688,0.36556000212570106,0.3570950208825435,0.34705408782222064,0.3894930538554519,0.3555649667093459,0.2604676175408144,1.0,0.9999999999999554,0.6995104920424446,0.5904326613291504,0.5179718478654582,0.36040217053991375,0.349526585034772,0.2761870567798294,0.037589518453922076,0.34854553801871563,-0.0547672377125307,0.3597453244481677,0.26371071109951394,0.347088667936662,0.37847660445869535,0.30928150777486396,0.4205405262515084,0.001249555838815418,0.4099066350408602
U.S. Value-Added Real Estate,0.09700000000000002,0.11077493946761476,0.17658007403500245,0.3123104245691058,-0.1679823086655253,-0.25168042858825745,-0.16041407644517214,0.10910115902487758,-0.08415045861866274,-0.02254732840130772,-0.1950744077793332,-0.08744363247069249,0.04966788383150744,0.0247636544073872,0.375189740980842,0.4487135589926655,-0.15819693469865997,-0.12567093765790685,-0.11907648205597411,-0.0983379244195666,0.14824406583452865,0.14933088386965318,0.24099344772747622,-0.15974879565299535,0.3933859895796122,0.3846658758625894,0.36514434842376864,0.3300884765659586,0.23255222813558243,0.2693587174069701,0.22553831467293886,0.3456246166813886,0.29483332824140535,0.13070059656894456,0.3062893327777885,0.28590949689648326,0.3563960407635766,0.3655599975980978,0.3570950156026945,0.3470540843562465,0.38949305073111856,0.35556496213742156,0.260467614393891,0.9999999999999554,1.0,0.6995104868705807,0.5904326509585466,0.517971841355379,0.3604021671168406,0.34952657943557003,0.276187061849602,0.037589509819086694,0.3485455304656915,-0.05476724785613407,0.35974531809420773,0.26371070971001265,0.34708866469959043,0.37847660061478805,0.3092815018207294,0.42054052334369263,0.001249560456134042,0.4099066304333629
European Core Real Estate,0.073,0.08055232776959965,0.1284293281721412,0.3114889019588709,-0.16292832178019614,-0.3497432771595869,-0.31116541775000234,0.1673178798450669,-0.10116977927492099,-0.03563509329411432,-0.14658290179157396,-0.14049994358186563,0.1358787259044234,0.06581996177999183,0.528125037621684,0.5602603999738472,-0.2426693298419066,-0.03222876614525253,-0.1704865176807206,0.037427770155140594,0.2885214590950948,0.30940362435292806,0.3890825799175071,-0.06340631267447659,0.36481412342200603,0.5114657067750351,0.5052339792652196,0.44379290488530654,0.41634872169010406,0.36523579691151214,0.458872954543615,0.527536392119962,0.47987654327802803,0.39874822632737855,0.576613247464224,0.5392279810748627,0.5434313556357778,0.4753765283689172,0.5045566783003019,0.4617979262240762,0.4317600735203176,0.4519286041429868,0.5318248013771695,0.6995104920424446,0.6995104868705807,1.0,0.633241550664835,0.37129515368568283,0.3306612631335559,0.4562272564308776,-0.06300676650056664,0.2323097204953178,0.5346562789636267,0.051079659314185163,0.6325051847272783,0.5188641635587041,0.5625065085910778,0.5636390329565392,0.5639464449357778,0.6192541966612605,0.16580470270027098,0.5818164586912926
Asia Pacific Core Real Estate,0.087,0.09753545967553488,0.15317761751728212,0.2181361172972754,-0.04651944428241823,-0.26998335056627476,-0.2601932080300645,0.2398026649132917,0.03886630645249,0.07281917634838053,-0.0360573135387603,0.007602906590061113,0.3310624007216439,0.2692047795161137,0.6678111260643809,0.6509259902067737,-0.20445371403455606,0.1598953200382,-0.14397754163590143,0.2475733444974702,0.48940000364091,0.5316954689381976,0.5473037688330721,0.14473123781615307,0.4842221901041035,0.6213160872315744,0.6473976013311422,0.5569982773978077,0.649846370100507,0.5615948165430149,0.6499517053555357,0.7204716629681928,0.7047806708277561,0.3617161091670262,0.7133433502206686,0.6888551330117992,0.6973823715989872,0.6246443950867387,0.6168094891003217,0.5980971897373191,0.6156860437679935,0.6473188557857715,0.6265554729257662,0.5904326613291504,0.5904326509585466,0.633241550664835,1.0,0.611186900837831,0.42951059555896337,0.5616343678520066,0.08325881195610431,0.43257292860848445,0.5654939971363164,0.2380678397087048,0.7007498944669348,0.43692214090759046,0.6087713356580261,0.6837443369831958,0.668465444687178,0.7088031655830588,0.1283884566421846,0.6515517325975115
U.S. REITs,0.08200000000000002,0.09358659932580382,0.16046935280713773,-0.0006793832590218439,-0.06252302602777758,0.05400468378638841,0.13480668799613224,0.3565165202553625,0.34673658233813204,0.33851820526486703,0.14987561767121274,0.3626044413126398,0.5053492144129241,0.5078509203894669,0.6653310014277519,0.42809110932215666,0.2055839902924479,0.3389759131742323,0.25934765083030964,0.3786990678466855,0.5848520458224551,0.5710425193699701,0.49991664919986684,0.2871508315029701,0.3290272512321545,0.7660682620179157,0.7837030197425386,0.7443380014934596,0.6773975683724995,0.5564152744970366,0.47072582306843846,0.6331087284049417,0.7015748032558455,0.16835394654238953,0.5844798332161154,0.5652222132451036,0.7456553108854805,0.7757269433305077,0.7376115385790862,0.7742981475222989,0.8226434888792203,0.805320602309381,0.6453627078802021,0.5179718478654582,0.517971841355379,0.37129515368568283,0.611186900837831,1.0,0.38451542042578996,0.3517416861769641,0.1778571310005948,0.32264526067179267,0.31531781271640874,0.0915112473841352,0.5355597766800868,0.35648632220601145,0.4157198893283141,0.572505813128797,0.6011198486170873,0.5133083634871128,0.12160777845363839,0.4375268492019283
Commercial Mortgage Loans,0.063,0.06582570312816927,0.07776537016876006,0.10927713211676894,0.0047055225611536515,0.17897736324874475,0.17052579966453107,0.5261264232139862,0.4319963735880609,0.4666766370972198,0.27032153707053247,0.3243365219534726,0.4691614086699583,0.3999345009208438,0.4901964981106797,0.45766321197848175,0.28132318745949497,0.24156599804117812,0.3050245517462368,0.25864319205925657,0.5593776142120646,0.3962215976536113,0.524132283065598,0.4810678730268089,0.5734011582662875,0.28304610689374776,0.3122013364410556,0.21940463565758136,0.25889361623891144,0.11869846435852173,0.29989252091861085,0.26389561842076675,0.2667629960360713,0.2376532597774537,0.363794292349954,0.34413651980812027,0.30059300309266473,0.2558315647986082,0.3380539647109101,0.3101903800953932,0.36470863242594637,0.3099457942847313,0.33794436244956444,0.36040217053991375,0.3604021671168406,0.3306612631335559,0.42951059555896337,0.38451542042578996,1.0,0.41831256222017377,0.1499371131254065,0.05602084824047823,0.1375602077584634,0.35998514305942375,0.3536850220157611,0.2885908769293942,0.2753517321356148,0.3028942032543543,0.2885452189049884,0.40214417102110117,-0.13664430281810255,0.48154631245619495
Global Core Infrastructure,0.068,0.07383522503770856,0.11240567203239929,0.20210096556580734,0.01427794520510741,-0.25371589734123484,-0.27993093015976983,0.23250846039947112,0.0009737651435998924,0.03165964438457284,-0.010580442405262045,-0.05411905345895683,0.24767411264651315,0.1777958213453269,0.5704976499886435,0.5990634503875314,-0.21372570319268813,0.15878752760236528,-0.15666691762520712,0.256701080451127,0.46850125171755025,0.5094040467883993,0.48091651025700327,0.1051101176175395,0.32602417750461904,0.4605178206755416,0.4646779390160372,0.4022341034987836,0.537739699829309,0.4249318447224394,0.5417540450498745,0.5784841186560813,0.5506990211550375,0.17995949974860095,0.5772889144301023,0.5256212329322543,0.5347829619862898,0.455200481048886,0.462513032510474,0.4526268655267127,0.4407748330811831,0.46067147849601475,0.4533406043771281,0.349526585034772,0.34952657943557003,0.4562272564308776,0.5616343678520066,0.3517416861769641,0.41831256222017377,0.9999999999999999,0.1333448916204735,0.44071745231565285,0.4625436790940062,0.15925335887613967,0.6185509301543244,0.4326210059981025,0.42869047356616524,0.4873423996724345,0.5128305225352164,0.5408718554456454,0.0003148238178302571,0.4895811156016473
Global Core Transport,0.077,0.08598983466262267,0.14060900926834838,0.16440651204951237,0.12554419397384228,0.014847606575269984,0.02948074222136595,-0.02937733851884415,-0.08738773229264267,-0.043521328263360554,-0.11088647776967477,-0.0824228081974238,-0.2531586792866845,-0.20746118591620244,-0.12333334874311057,-0.050936812445189064,-0.012718571023824805,-0.0501379453904485,-0.04478723407218074,-0.06571554828927106,-0.15516575633542026,-0.03640582753141376,-0.1813283807340516,-0.18328025751580515,0.0031870897962743405,0.03359861738523552,-0.020099767941510048,-0.008792332770522054,0.0020004198606627978,-0.1498454733668454,-0.03380943434251865,-0.03991747374944348,-0.0448152137209802,-0.11384388705506698,-0.07013162293648847,-0.06393853503881433,-0.01815711867494344,0.00933596897436847,0.014928933039696753,0.05084237403548965,0.07157068106780055,0.00926077932520255,-0.18806484156079592,0.2761870567798294,0.276187061849602,-0.06300676650056664,0.08325881195610431,0.1778571310005948,0.1499371131254065,0.1333448916204735,1.0000000000000002,0.048808809803750186,-0.0733483977857267,0.05195505165418212,-0.10865255857611746,-0.09459096219555345,-0.13162630989779606,-0.08471162271851765,-0.1046078221021651,-0.1133695653463568,-0.15617962126783586,-0.02428733506490459
Global Timberland,0.062,0.06743554668907148,0.10813617643947593,-0.01811104437098075,0.18391960715680472,-0.12219702713644601,-0.2126525140349335,0.15039096586885328,0.03402226459236409,0.0366396446204348,0.08597925010156293,-0.004496162627032289,0.23118560699368923,0.19026134270021353,0.3655872666885964,0.2992694945726103,-0.11995919213979282,0.21861720304423693,-0.07336773382280154,0.2906945605436126,0.3802695406974088,0.5086925979386512,0.3435578064364758,0.07095423808501726,0.11044185653726184,0.4510811258458158,0.4655347552046488,0.43604216677507385,0.5692243455896022,0.3837284649118249,0.531753734720447,0.5369540558176926,0.5572244575176544,0.36376576091082646,0.5374225993206583,0.5079360721460296,0.5237256127614328,0.45685865449109364,0.44734076188582805,0.4491599932439348,0.4593727917246336,0.4565261663890488,0.4093256534294208,0.037589518453922076,0.037589509819086694,0.2323097204953178,0.43257292860848445,0.32264526067179267,0.05602084824047823,0.44071745231565285,0.048808809803750186,1.0000000000000002,0.4202930474449785,0.2225666424172892,0.5867301274738608,0.4383641022373278,0.46103093387827315,0.4657398770191188,0.4944551834217363,0.4379899734317121,0.34743426248802034,0.28911719247850604
Commodities,0.038,0.05305967043569826,0.1800307016642226,0.26515490072222087,-0.0367769793335062,-0.16687148785211167,-0.23060687903606453,0.27387451251477674,0.002924585921256564,-0.009531301162675468,0.032756933745076405,-0.010135108746268792,0.20642105835035693,0.1731617249764466,0.4583037599230107,0.4158902496540834,-0.21731870380095766,0.2261629919755906,-0.18166042111497388,0.30720380130829567,0.3536429714356684,0.46473123025549495,0.35645926089204977,-0.03816979290450651,0.1977019666094961,0.4547030330715883,0.4770534962302821,0.4012264232329929,0.47798313664226155,0.3884600021442037,0.43835291213022326,0.6023600444928975,0.5365417695402772,0.190418323806808,0.5724457585119255,0.49365655383362894,0.536241910179657,0.44165575679542557,0.4608361599959748,0.4321522562022563,0.4160179426714027,0.47329813543963123,0.44673156803569897,0.34854553801871563,0.3485455304656915,0.5346562789636267,0.5654939971363164,0.31531781271640874,0.1375602077584634,0.4625436790940062,-0.0733483977857267,0.4202930474449785,1.0000000000000002,0.356006537292557,0.5671821411623803,0.31234074297355885,0.5273083132327814,0.5742210528480013,0.5798190613144443,0.5723198412404797,0.42074626244228264,0.5424131406943505
Gold,0.04100000000000001,0.05432862541693306,0.16925598047228163,-0.009784765710975647,0.09436013182769869,0.3688624027893985,0.31169290023158414,0.4817145641518558,0.4076881932229655,0.35853279365244045,0.3822689824726235,0.35455641059756154,0.3784703931112122,0.33422134709720913,0.1355444704069876,-0.036254733917652784,0.28747482502369737,0.5236147426872027,0.2223884882260871,0.5183881286951892,0.33792180251821025,0.39502513820214447,0.31959317726923586,0.250131233134967,0.154496759648995,0.03343151395124822,0.03346125900385988,-0.03269773372740362,0.10097205628590156,0.04430628059432379,0.22363766213447708,0.12421039207117736,0.12528320722972158,0.19681223683436097,0.24720132199087372,0.22203020503446697,0.10912163168462469,-0.005856163549817102,0.0626497640741665,0.058045072170474186,0.08117520767698712,0.04620600284239236,0.1217538806352005,-0.0547672377125307,-0.05476724785613407,0.051079659314185163,0.2380678397087048,0.0915112473841352,0.35998514305942375,0.15925335887613967,0.05195505165418212,0.2225666424172892,0.356006537292557,0.9999999999999999,0.09724605540026122,-0.013311969531802019,0.11998910465498626,0.05818730451400075,0.14483389806679492,0.09228650567904376,0.3225878335051691,0.030417246972706195
Private Equity,0.09700000000000002,0.11462419125152291,0.20060054163126323,0.09432421597587892,0.003497116212246234,-0.3619846493480277,-0.4151763658418839,0.1706096617166737,-0.025939472396595296,-0.017739654190768627,-0.035860368113711315,-0.0872626668295819,0.3585355999501161,0.257272400133311,0.7253196014002212,0.6909278764605218,-0.2755176728972864,0.07257606933359366,-0.17879093608231975,0.18742627447115023,0.5886182052087517,0.5994459249383405,0.625361449038727,0.11633136238550675,0.38562945374758034,0.7925023693182905,0.8081925989183778,0.7603302179684183,0.7843130403153001,0.6213194825163921,0.6874852538587944,0.7984525497736755,0.8066249295170811,0.4995682678498374,0.8114842918672612,0.7733735449610688,0.8392034722070791,0.7744256213020004,0.7976335278401766,0.7795807392262152,0.717352216988686,0.746613312935279,0.816080593845429,0.3597453244481677,0.35974531809420773,0.6325051847272783,0.7007498944669348,0.5355597766800868,0.3536850220157611,0.6185509301543244,-0.10865255857611746,0.5867301274738608,0.5671821411623803,0.09724605540026122,1.0,0.7752268805958668,0.7965009412215849,0.8425220628525509,0.8594012776448856,0.801698954089707,0.2693801673154584,0.7420327636011401
Venture Capital,0.092,0.11342752624033302,0.2216520378826722,-0.06715997998853028,-0.054119283896539264,-0.26679906971361356,-0.281109806187432,0.14185080629211247,0.004648380193028224,0.01832892859384569,-0.05155553284378194,-0.04808699017690657,0.26658893029926245,0.19415713425574713,0.538094407991926,0.5117534614291788,-0.15241620206298942,0.008127561751198727,-0.06570886688075497,0.09346772537299945,0.45842262156361596,0.40874090248036643,0.4753039377573663,0.11192686834850187,0.3316732374133529,0.6510220988270761,0.6728969237467727,0.7057242736848016,0.561088663590182,0.5190409560399667,0.5104112445921603,0.5574400659469201,0.5902342991760753,0.47499781894124765,0.6141203277943658,0.6057061470106688,0.6544976277711769,0.610310170185553,0.6835569280815633,0.6334979713354943,0.5433184448470274,0.5522446329836066,0.729502796395412,0.26371071109951394,0.26371070971001265,0.5188641635587041,0.43692214090759046,0.35648632220601145,0.2885908769293942,0.4326210059981025,-0.09459096219555345,0.4383641022373278,0.31234074297355885,-0.013311969531802019,0.7752268805958668,1.0,0.7168935601937776,0.6789294952837831,0.7397331946755371,0.5987035392915115,0.15817531978985258,0.539988457442006
Diversified Hedge Funds,0.05,0.05159334925917691,0.05795466046368978,0.08909988182333968,0.008957054285855207,-0.3301693645551499,-0.24928031538275436,0.18826025582716488,0.013029058499748109,-0.03004438471851504,-0.07283195422552974,0.0364325370673081,0.34051111409403856,0.2948026210098368,0.612883412273924,0.6757724439905494,-0.21141220244118283,0.02112516381691176,-0.13213493848347457,0.10264182593141911,0.45731497274937283,0.4121572022780067,0.4989677873216704,0.08015322519740238,0.393004604338043,0.6800928444278316,0.715483995449556,0.6401564427530826,0.6457421428426521,0.5890461206829193,0.5741414998154837,0.6883031765346277,0.6995884475053569,0.440270264496425,0.6774231654464213,0.6442186491449062,0.7301630135347301,0.6302980757171793,0.7410037518589766,0.657807519004242,0.5993615150004769,0.6113257367119205,0.7978342123069794,0.347088667936662,0.34708866469959043,0.5625065085910778,0.6087713356580261,0.4157198893283141,0.2753517321356148,0.42869047356616524,-0.13162630989779606,0.46103093387827315,0.5273083132327814,0.11998910465498626,0.7965009412215849,0.7168935601937776,1.0000000000000002,0.8619104614864377,0.8593804352684619,0.8329891603872944,0.49742353849650695,0.6596310894204727
Event Driven Hedge Funds,0.05,0.05319424846404108,0.08221351557836937,0.08611162178649535,-0.05020315699125611,-0.2940599775199422,-0.28806839675839996,0.20989699466770786,0.06097635451451186,0.05296309162099905,0.017363240655473778,0.0540666057959345,0.38403837213643743,0.3384521409168449,0.7720604639867632,0.7687672450925398,-0.1888970250102091,0.1123928008149267,-0.09245690615551021,0.21002762786496687,0.5425927330298902,0.5318360877213091,0.5699370355461052,0.12357427808211786,0.374018886962225,0.8010081012734034,0.8498414297713295,0.8108919621401778,0.7684472973456934,0.6836157162954244,0.6315228384050804,0.8072644748001357,0.8201426719179746,0.4248565736271405,0.7603177805833439,0.7175231614241864,0.8497513082882688,0.8098779858930211,0.815146462670881,0.7760374377195917,0.7166229939172521,0.78681027355584,0.8712424953425234,0.37847660445869535,0.37847660061478805,0.5636390329565392,0.6837443369831958,0.572505813128797,0.3028942032543543,0.4873423996724345,-0.08471162271851765,0.4657398770191188,0.5742210528480013,0.05818730451400075,0.8425220628525509,0.6789294952837831,0.8619104614864377,0.9999999999999999,0.9362372963644928,0.9189372453654265,0.302764661362902,0.7578238908781799
Long Bias Hedge Funds,0.047,0.05274560270187867,0.11044037957294604,0.01555961510189025,-0.03906703273759455,-0.20784236306613016,-0.20898238617484846,0.24756071610051117,0.1492483294820189,0.13092254145060575,0.10048306380782157,0.1346871006608491,0.4505080267532374,0.40721722153117634,0.7688051666292898,0.6838897132580707,-0.11314457478895223,0.22315219222370208,-0.03481344698501055,0.3178794182460244,0.5922744289688266,0.617133592954511,0.6047620346097118,0.1536728499755566,0.3109851614293737,0.8651158693788857,0.8983190050208392,0.8504548941524518,0.8291546694107347,0.7546632383087544,0.7305108150835709,0.8402446761766179,0.8853137312599356,0.4856315725438084,0.8565332765208781,0.8236472622562492,0.9236859242083331,0.8510492406933188,0.8840330409210413,0.8480262801832626,0.7742378196183194,0.8211905431140466,0.9251081437769227,0.30928150777486396,0.3092815018207294,0.5639464449357778,0.668465444687178,0.6011198486170873,0.2885452189049884,0.5128305225352164,-0.1046078221021651,0.4944551834217363,0.5798190613144443,0.14483389806679492,0.8594012776448856,0.7397331946755371,0.8593804352684619,0.9362372963644928,1.0000000000000002,0.8629894668497073,0.340058007256416,0.6987717052204806
Relative Value Hedge Funds,0.049,0.05055958342866562,0.05730778311714808,0.13557525969095993,-0.062471630347980985,-0.29445564894236903,-0.2544134050306556,0.24979377225301375,0.10693936752493473,0.10244515285128124,0.051248028403976395,0.09576064581792636,0.44287537388277504,0.3843364972653083,0.820680846970521,0.8558631494254055,-0.17352275343518822,0.08095191024667396,-0.08342016218058255,0.1720781108747181,0.5877414218208888,0.5465847239281236,0.6370807622615248,0.17377023308577014,0.4666377005625947,0.690712093137317,0.7438262694700374,0.6718768729203394,0.6899142102435468,0.6429253187884533,0.6686851051105279,0.7553560984651886,0.7539297588230508,0.44103444836297095,0.7596595788988588,0.7221087738457851,0.7675310372003274,0.6978987461932841,0.7159005042266983,0.6621746391783575,0.6356909604914285,0.691734193946648,0.827323046014789,0.4205405262515084,0.42054052334369263,0.6192541966612605,0.7088031655830588,0.5133083634871128,0.40214417102110117,0.5408718554456454,-0.1133695653463568,0.4379899734317121,0.5723198412404797,0.09228650567904376,0.801698954089707,0.5987035392915115,0.8329891603872944,0.9189372453654265,0.8629894668497073,1.0,0.2864128616260039,0.7964022940493262
Macro Hedge Funds,0.036,0.03840565435616261,0.07080611184237355,-0.02878276194194233,0.03583579070051232,-0.09439948908856655,-0.07650800945559733,0.09201101835947581,-0.05216655583983499,-0.13769422768588746,0.014846817613323158,0.0029165123052151986,0.07017619658852764,0.07452456047610469,0.11477794828512998,0.07292200625571348,-0.09153865685096456,0.10971650036239913,-0.06696386418126178,0.13504760532271848,0.0954524050018797,0.1812274401197439,0.06678775615227849,-0.0750822420550586,-0.03651863156433396,0.17723864216606255,0.1999407346041853,0.14225617220436518,0.22193853816061174,0.13977901437883888,0.19273649697282472,0.2663684811027089,0.24912515718493394,0.11244529564884637,0.26832157398370826,0.23590758207946946,0.24246363630667625,0.16126054356620317,0.20559188132914868,0.1785168817643163,0.1945020978386532,0.20091270144828716,0.2563105232574191,0.001249555838815418,0.001249560456134042,0.16580470270027098,0.1283884566421846,0.12160777845363839,-0.13664430281810255,0.0003148238178302571,-0.15617962126783586,0.34743426248802034,0.42074626244228264,0.3225878335051691,0.2693801673154584,0.15817531978985258,0.49742353849650695,0.302764661362902,0.340058007256416,0.2864128616260039,0.9999999999999998,0.11680895983669111
Direct Lending,0.085,0.09289316288879945,0.13206623265585826,0.2424637533913887,-0.10764437801078106,-0.4340218665791264,-0.4328639996246032,0.15405999301231796,-0.1175600414343478,-0.07113880580547058,-0.17601696745787593,-0.15178014808138385,0.21108682553170433,0.13315530391246758,0.708910330182526,0.7550403725702701,-0.32285901168777154,-0.1583572451884086,-0.20355519583800577,-0.05432814114856127,0.47079231234075763,0.39502826928970114,0.5134129547204026,0.060711487695105426,0.3860923510050743,0.6131836747471487,0.6848838291412523,0.6228004678040453,0.530227461298061,0.4299407621841998,0.46816370770971094,0.6081870742974703,0.5762365555675596,0.279908483742703,0.5897529275096507,0.527204391713545,0.6287875520769546,0.6393481926962232,0.6473079263698573,0.6069357111414743,0.5988880975830577,0.6470673307691146,0.6607774759366803,0.4099066350408602,0.4099066304333629,0.5818164586912926,0.6515517325975115,0.4375268492019283,0.48154631245619495,0.4895811156016473,-0.02428733506490459,0.28911719247850604,0.5424131406943505,0.030417246972706195,0.7420327636011401,0.539988457442006,0.6596310894204727,0.7578238908781799,0.6987717052204806,0.7964022940493262,0.11680895983669111,1.0
